product_id,name,category,subcategory,brand,base_price,base_rating,image_url
1,Buck 110 Folding Hunters Knife,Fashion,[],Generic,74.38,4.0,https://picsum.photos/seed/0/400/300
2,Kids Explorer Sandals,Fashion,"['Bright Sapphire', 'Cactus', 'Night', 'Teal Shado",Generic,72.86,4.0,https://picsum.photos/seed/1/400/300
3,"Maine Wardens Day Pack, Camo",Fashion,['Mossy Oak Country'],Generic,26.73,4.0,https://picsum.photos/seed/2/400/300
4,Toddlers Animal Paws Slippers,Fashion,['Owl'],Generic,100.36,4.0,https://picsum.photos/seed/3/400/300
5,"Toddlers Baby Bogs Boots, Classic Dino",Fashion,['Dark Gray Multi'],Generic,35.17,4.0,https://picsum.photos/seed/4/400/300
6,L.L.Bean Continental Rucksack,Fashion,"['Black', 'Gunmetal', 'Khaki']",Generic,54.19,4.0,https://picsum.photos/seed/5/400/300
7,Allagash Pack Basket,Fashion,[],Generic,37.44,4.0,https://picsum.photos/seed/6/400/300
8,Mountain Classic Cordura Pack,Fashion,"['Black', 'Coal/Dark Amber', 'Coal/Graphite', 'Spr",Generic,45.14,4.0,https://picsum.photos/seed/7/400/300
9,"Toddlers Baby Bogs Boots, Classic Owls",Fashion,['Blue Multi'],Generic,115.84,4.0,https://picsum.photos/seed/8/400/300
10,Wicked Good Camp Moccasins,Fashion,"['Brown', 'Graphite', 'Graphite/Aqua Splash', 'Bla",Generic,16.08,4.0,https://picsum.photos/seed/9/400/300
12,Dragon Snow and Sand Mold,Fashion,['Green'],Generic,127.92,4.0,https://picsum.photos/seed/11/400/300
13,Pencil Case,Fashion,"['Black', 'Navy', 'Red', 'Royal']",Generic,51.35,4.0,https://picsum.photos/seed/12/400/300
14,Arches National Park Patch,Fashion,['Multi'],Generic,75.91,4.0,https://picsum.photos/seed/13/400/300
15,Womens Trail Model 4 Ventilated Hiking Shoes,Fashion,['Dark Stone/Bayleaf'],Generic,107.78,4.0,https://picsum.photos/seed/14/400/300
17,Womens Merrell Phaserbound Waterproof Hiking Boots,Fashion,['Boulder'],Generic,96.04,4.0,https://picsum.photos/seed/16/400/300
18,"Mens Bogs Bozeman Boots, Tall",Fashion,['Black'],Generic,56.62,4.0,https://picsum.photos/seed/17/400/300
19,Womens Teva Mush Mandalyn Wedge Ola Sandals,Fashion,"['Agave Black Metallic', 'Black']",Generic,26.84,4.0,https://picsum.photos/seed/18/400/300
20,Mens Cotton Poplin Field Shirt,Fashion,"['Cement', 'Dusty Olive']",Generic,94.05,4.0,https://picsum.photos/seed/19/400/300
21,Womens Monhegan Sandals,Fashion,"['Marina Teal', 'Purple Horizon']",Generic,123.29,4.0,https://picsum.photos/seed/20/400/300
23,Womens Wicked Good Clogs,Fashion,"['Brown', 'Graphite']",Generic,76.1,4.0,https://picsum.photos/seed/22/400/300
24,Womens Teva Hurricane XLT2 Sandals,Fashion,['Lago Blue'],Generic,104.36,4.0,https://picsum.photos/seed/23/400/300
25,Womens Hoka One One Hupana EM,Fashion,['Dusty Pink/Mood Indigo'],Generic,64.91,4.0,https://picsum.photos/seed/24/400/300
26,Womens OluKai Paniolo Sandals,Fashion,['Natural/Natural'],Generic,41.87,4.0,https://picsum.photos/seed/25/400/300
27,Womens Teva Sirra Sandals,Fashion,"['Black', 'Spili Grey Mist']",Generic,99.49,4.0,https://picsum.photos/seed/26/400/300
28,Myrna Sandals by Kork-Ease,Fashion,['Golden Sand'],Generic,22.04,4.0,https://picsum.photos/seed/27/400/300
29,Womens Keen Newport H2,Fashion,"['Magnet/Coral', 'Poseidon/Capri']",Generic,81.31,4.0,https://picsum.photos/seed/28/400/300
30,Womens Keen Rose Sandals,Fashion,['Gargoyle/Raven'],Generic,57.18,4.0,https://picsum.photos/seed/29/400/300
31,"Womens Getaway Sandals, Two Strap Slide",Fashion,"['Black', 'Platinum Metallic']",Generic,53.53,4.0,https://picsum.photos/seed/30/400/300
32,Womens Waterproof Keen Terradora Hiking Shoes,Fashion,"['Stormy Weather/Wrought Iron', 'Winetasting/Tulip",Generic,67.48,4.0,https://picsum.photos/seed/31/400/300
33,Zukey Suede Sandals by Kork-Ease,Fashion,"['Black', 'Natural']",Generic,44.52,4.0,https://picsum.photos/seed/32/400/300
34,Womens Waterproof Hoka One One Sky Toa,Fashion,['Black Iris/Aquamarine'],Generic,128.28,4.0,https://picsum.photos/seed/33/400/300
35,Womens Chaco for L.L.Bean Z/Cloud 2 Sandals,Fashion,['Acadia Mineral Blue'],Generic,85.47,4.0,https://picsum.photos/seed/34/400/300
36,Womens Wicked Good Deerskin-Lined Slippers. Original Venetian,Fashion,['Brown'],Generic,127.8,4.0,https://picsum.photos/seed/35/400/300
37,Womens Teva Omnium Sandals,Fashion,['Slate'],Generic,102.33,4.0,https://picsum.photos/seed/36/400/300
38,Womens Wicked Good Moccasins,Fashion,"['Black', 'Brown', 'Chocolate Brown', 'Mariner Blu",Generic,128.04,4.0,https://picsum.photos/seed/37/400/300
39,"Womens Maine Isle Flip-Flops, Print",Fashion,"['Cobalt Stained Glass', 'Dusty Green Plaid']",Generic,135.3,4.0,https://picsum.photos/seed/38/400/300
40,Nogales Sandals by Kork-Ease,Fashion,"['Black', 'Brown', 'Gold']",Generic,99.54,4.0,https://picsum.photos/seed/39/400/300
41,Womens Teva Original Universal Sandal,Fashion,"['Gc100 Boomerang', 'Sun and Moon Insignia Blue']",Generic,31.04,4.0,https://picsum.photos/seed/40/400/300
42,"Maine Isle Flip-Flops, Woven Print",Fashion,"['Blue Multi Stripe', 'Darkest Navy/White Dot', 'I",Generic,34.91,4.0,https://picsum.photos/seed/41/400/300
43,"Womens Small Batch L.L.Bean Boots, Nubuck Rubber Moc",Fashion,"['Olive Gray/Olive Gray/Reef Coral', 'Purple Sunse",Generic,33.74,4.0,https://picsum.photos/seed/42/400/300
44,Womens Keen Whisper Sandals,Fashion,"['Coffee Liqueur/Yellow', 'Grape Kiss/Grape Wine',",Generic,38.78,4.0,https://picsum.photos/seed/43/400/300
45,"Womens New Balance 608v5 Sneakers, Suede",Fashion,['Bungee/Burlap'],Generic,148.72,4.0,https://picsum.photos/seed/44/400/300
46,Womens Maine Isle Flip-Flops,Fashion,['Black'],Generic,90.49,4.0,https://picsum.photos/seed/45/400/300
47,"Womens Campside Shoes, Oxford Lace to Toe",Fashion,"['Burgundy', 'Olive Gray', 'White']",Generic,36.69,4.0,https://picsum.photos/seed/46/400/300
48,Womens Evergreen Gore-Tex® Hiking Boots,Fashion,['Deep Coffee'],Generic,109.94,4.0,https://picsum.photos/seed/47/400/300
49,Womens Back Cove Slip-Ons,Fashion,"['Classic Navy', 'Peat Moss', 'Seaside']",Generic,20.95,4.0,https://picsum.photos/seed/48/400/300
50,Womens Trail Model 4 Waterproof Hiking Shoes,Fashion,"['Dark Cement/Brown', 'Brown/Dark Pear']",Generic,74.14,4.0,https://picsum.photos/seed/49/400/300
51,"Original Maine Isle Flip-Flops, Motif",Fashion,"['Blue Mist/Classic Navy Lobstering', 'Caribbean B",Generic,20.98,4.0,https://picsum.photos/seed/50/400/300
52,Womens Boothbay Sandals,Fashion,"['Black', 'Classic Navy', 'Dark Cement']",Generic,60.66,4.0,https://picsum.photos/seed/51/400/300
53,"Womens Bean Boots by L.L.Bean®, Rubber Moc",Fashion,"['Tan/Brown', 'Tan/Navy']",Generic,122.73,4.0,https://picsum.photos/seed/52/400/300
55,Womens Getaway Sandals,Fashion,['Coffee Bean'],Generic,98.07,4.0,https://picsum.photos/seed/54/400/300
56,"Womens Gore-Tex Cresta Hiking Boots, Leather",Fashion,['Dark Brown'],Generic,125.67,4.0,https://picsum.photos/seed/55/400/300
57,"Womens Eco Comfort Leather Sandals, Two-Strap",Fashion,['Dark Cocoa'],Generic,17.12,4.0,https://picsum.photos/seed/56/400/300
58,Womens Trail Model 4 Waterproof Hiking Boots,Fashion,['Dark Cement/Brown'],Generic,143.76,4.0,https://picsum.photos/seed/57/400/300
59,Womens Rocky Coast Multisport Shoes,Fashion,['Carbon Navy'],Generic,65.94,4.0,https://picsum.photos/seed/58/400/300
60,"Womens Getaway Flip-Flop Sandals, Braided",Fashion,['Black'],Generic,38.58,4.0,https://picsum.photos/seed/59/400/300
61,"Womens Maine Isle Slide, Print",Fashion,"['Black Woodcut Swirl', 'Mountain Blue Leaf', 'Ree",Generic,78.06,4.0,https://picsum.photos/seed/60/400/300
62,"Womens Eco Comfort Slides, Perforated Nubuck",Fashion,['Dark Cement'],Generic,47.92,4.0,https://picsum.photos/seed/61/400/300
63,Womens Sport Comfort Sandals,Fashion,"['Classic Navy', 'Silver Metallic']",Generic,115.82,4.0,https://picsum.photos/seed/62/400/300
64,Thule Glide 2 Stroller,Fashion,['Black'],Generic,134.18,4.0,https://picsum.photos/seed/63/400/300
65,Thule Chariot Lite 1 Stroller,Fashion,['Bluegrass'],Generic,133.47,4.0,https://picsum.photos/seed/64/400/300
66,Yuba Flip Flop Balance Bike,Fashion,['Cow'],Generic,134.35,4.0,https://picsum.photos/seed/65/400/300
67,Discovery Infant PFD,Fashion,"['Neon Yellow/Gray', 'Red/Marine Blue']",Generic,114.94,4.0,https://picsum.photos/seed/66/400/300
68,Discovery Child PFD,Fashion,"['Neon Yellow/Gray', 'Red/Marine Blue']",Generic,139.26,4.0,https://picsum.photos/seed/67/400/300
69,"L.L.Bean Graphic Kids Stand-Up Paddleboard, 84",Fashion,"['Multi Color', 'Sea Creature']",Generic,115.81,4.0,https://picsum.photos/seed/68/400/300
70,"Kids L.L.Bean Ridge Runner Bike, 20",Fashion,['Blue'],Generic,42.47,4.0,https://picsum.photos/seed/69/400/300
71,Discovery Junior Positrack IFP Skis with Turnamic Bindings,Fashion,['Red'],Generic,138.06,4.0,https://picsum.photos/seed/70/400/300
72,Kids K2 Rink Raven Skates with Boa closure,Fashion,['Black/White'],Generic,62.36,4.0,https://picsum.photos/seed/71/400/300
73,"U.S. Divers Snorkeling Set, Youths",Fashion,"['Fun Blue', 'Fun Purple']",Generic,134.11,4.0,https://picsum.photos/seed/72/400/300
74,Kids Giro Scamp Bike Helmet,Fashion,"['Blue Floral', 'Green/Lime Lines']",Generic,62.55,4.0,https://picsum.photos/seed/73/400/300
75,"Kids L.L.Bean Ridge Runner Bike, 16",Fashion,['Orange'],Generic,148.98,4.0,https://picsum.photos/seed/74/400/300
76,Thule Urban Glide 2 Stroller,Fashion,['Black'],Generic,111.79,4.0,https://picsum.photos/seed/75/400/300
77,Womens Sweater Fleece Slipper Scuff,Fashion,"['Bright Navy', 'Gray Heather', 'Sienna Clay']",Generic,112.84,4.0,https://picsum.photos/seed/76/400/300
78,Castle Snow/Sand Mold Kit,Fashion,['Red'],Generic,124.2,4.0,https://picsum.photos/seed/77/400/300
79,L.L.Bean Kids Shorty Wet Suit,Fashion,"['Navy/Lime', 'Navy/Pink']",Generic,98.49,4.0,https://picsum.photos/seed/78/400/300
80,Womens Merrell Moab FST 2 Ventilated Hiking Shoes,Fashion,['Blue Smoke'],Generic,144.44,4.0,https://picsum.photos/seed/79/400/300
81,Womens New Balance 990v4 Running Shoes,Fashion,['Gray/Castlerock'],Generic,81.36,4.0,https://picsum.photos/seed/80/400/300
82,Womens Hoka One One Bondi 6 Running Shoes,Fashion,['Marlin/Blue Ribbon'],Generic,46.61,4.0,https://picsum.photos/seed/81/400/300
83,"Womens Mountain Slippers, Moccasin",Fashion,['Dark Cement'],Generic,71.44,4.0,https://picsum.photos/seed/82/400/300
84,"Womens Deerfield Mule Slip-Ons, Leather",Fashion,['Black'],Generic,138.55,4.0,https://picsum.photos/seed/83/400/300
85,Womens Salomon Outline Mid Gore-Tex Hiking Boots,Fashion,['Navy Blazer/Hydro'],Generic,70.1,4.0,https://picsum.photos/seed/84/400/300
86,Womens Wicked Good Moccasins,Fashion,"['Brown', 'Natural']",Generic,30.06,4.0,https://picsum.photos/seed/85/400/300
87,"Womens L.L.Bean Boundless Fitness Shoe, Ventilated",Fashion,"['Black', 'Purple Sunset']",Generic,95.01,4.0,https://picsum.photos/seed/86/400/300
88,Westport Slip-On Ankle Boots,Fashion,"['Black', 'Dark Barley']",Generic,62.97,4.0,https://picsum.photos/seed/87/400/300
89,"Womens Chelsea L.L.Bean Boots, 7 Tumbled Leather",Fashion,['Tan/Brown'],Generic,107.52,4.0,https://picsum.photos/seed/88/400/300
90,"Womens Tumbled-Leather L.L.Bean Boot, 6 Padded Collar",Fashion,['Tan/Brown'],Generic,107.51,4.0,https://picsum.photos/seed/89/400/300
91,"Womens Campside Shoe, Camp Mocs",Fashion,"['Dark Cement', 'Root Beer', 'Deep Water Blue']",Generic,48.51,4.0,https://picsum.photos/seed/90/400/300
92,"Womens Wicked Good Slipper, Cross Band Slide",Fashion,"['Khaki', 'Purple Sunset']",Generic,31.0,4.0,https://picsum.photos/seed/91/400/300
93,"Womens Katahdin Hiking Shoes, Nubuck Mesh",Fashion,['Asphalt/Lapis Stone'],Generic,126.4,4.0,https://picsum.photos/seed/92/400/300
94,"Womens New Balance 608 Cross Trainers, Leather",Fashion,['White/Light Blue'],Generic,63.86,4.0,https://picsum.photos/seed/93/400/300
95,Womens Vasque Breeze Light Gore-Tex Hiking Shoes,Fashion,['Majolica Blue/Red Clay'],Generic,55.07,4.0,https://picsum.photos/seed/94/400/300
96,"Womens Mountain Slipper Moccasins, Perforated",Fashion,['Classic Navy'],Generic,101.52,4.0,https://picsum.photos/seed/95/400/300
97,"Womens Maine Isle Flip-Flops, Woven",Fashion,['Cream'],Generic,18.34,4.0,https://picsum.photos/seed/96/400/300
98,Womens Teva Tirra Sandals,Fashion,['Bering Sea'],Generic,81.24,4.0,https://picsum.photos/seed/97/400/300
99,"Womens Comfort Mocs, Mary Jane",Fashion,"['Ink Black', 'Wood Brown']",Generic,115.14,4.0,https://picsum.photos/seed/98/400/300
100,"Womens New Balance 577 Walking Shoes, Lace-Up",Fashion,"['Black', 'White']",Generic,145.61,4.0,https://picsum.photos/seed/99/400/300
101,"Womens L.L.Bean Boots, Gumshoes",Fashion,['Tan/Brown'],Generic,74.82,4.0,https://picsum.photos/seed/100/400/300
102,"Womens Waterproof Katahdin Hiking Boots, Leather Mesh",Fashion,['Oakwood/Brown'],Generic,146.13,4.0,https://picsum.photos/seed/101/400/300
103,Womens Wicked Good Slipper Slide,Fashion,"['Brown', 'Black']",Generic,30.61,4.0,https://picsum.photos/seed/102/400/300
104,"Womens Wicked Good Slippers, One Band Slide",Fashion,['Natural'],Generic,36.35,4.0,https://picsum.photos/seed/103/400/300
105,Womens Merrell Moab 2 Ventilated Trail Shoes,Fashion,['Smoke'],Generic,116.2,4.0,https://picsum.photos/seed/104/400/300
106,"Womens Mountain Slipper Moc, One Eye Perforated",Fashion,['Purple Sunset'],Generic,19.19,4.0,https://picsum.photos/seed/105/400/300
107,Womens OluKai Ohana Sandals,Fashion,"['Black/Black', 'Mauve/Black']",Generic,61.61,4.0,https://picsum.photos/seed/106/400/300
108,"L.L.Bean Summer Sneakers, Knit Slip-On",Fashion,"['Black', 'Classic Navy', 'Twig', 'Ripe Plum']",Generic,109.9,4.0,https://picsum.photos/seed/107/400/300
109,"L.L.Bean Boots, Two-Eye Boat Gumshoes, Leather",Fashion,"['Dark Ash/Dark Ash/Brick Red', 'Tan/Bean Boot Bro",Generic,110.74,4.0,https://picsum.photos/seed/108/400/300
110,"Womens Beans Comfort Fitness Walkers, Leather Mesh",Fashion,['White'],Generic,149.98,4.0,https://picsum.photos/seed/109/400/300
111,Adults US Divers Snorkeling Set,Fashion,"['Gun Metal', 'P White']",Generic,125.93,4.0,https://picsum.photos/seed/110/400/300
112,Thule Coaster XT Bike Trailer,Fashion,['Blue'],Generic,140.04,4.0,https://picsum.photos/seed/111/400/300
113,Thule Cadence2 Bike Trailer,Fashion,['Green'],Generic,90.38,4.0,https://picsum.photos/seed/112/400/300
114,L.L.Bean 3-in-1 Portable Game Center,Fashion,['Brilliant Blue'],Generic,37.03,4.0,https://picsum.photos/seed/113/400/300
115,Folder 1 Trail-a-Bike,Fashion,['Silver'],Generic,25.18,4.0,https://picsum.photos/seed/114/400/300
116,Thule Urban Glide 2 Double Stroller,Fashion,['Black'],Generic,55.18,4.0,https://picsum.photos/seed/115/400/300
117,Womens New Balance 847v3 Walking Shoes,Fashion,['White/Gray'],Generic,40.3,4.0,https://picsum.photos/seed/116/400/300
119,"Kids L.L.Bean Ridge Runner Mountain Bike, 24",Fashion,['Blue'],Generic,147.44,4.0,https://picsum.photos/seed/118/400/300
120,Thule RideAlong Lite Bike Seat,Fashion,['Light Gray'],Generic,55.86,4.0,https://picsum.photos/seed/119/400/300
121,"Infants and Toddlers Mountain Bound Reversible Pants, Print",Fashion,['Lava Geo Fox/Nautical Navy'],Generic,83.52,4.0,https://picsum.photos/seed/120/400/300
123,"Womens New Balance 574 Walking Shoes, Patch",Fashion,"['Dark Cashmere/Light Gold', 'Reflection/Light Gol",Generic,65.32,4.0,https://picsum.photos/seed/122/400/300
124,Infants and Toddlers First Tracks Parka,Fashion,['Leafy Green'],Generic,32.36,4.0,https://picsum.photos/seed/123/400/300
125,"Infants and Toddlers Mountain Bound Reversible Jacket, Print",Fashion,['Lava Geo Fox/Nautical Navy'],Generic,53.75,4.0,https://picsum.photos/seed/124/400/300
126,Womens Ahnu Montara III eVent Hiking Boots,Fashion,['Blue Spell'],Generic,140.52,4.0,https://picsum.photos/seed/125/400/300
128,Teva Midform Universal Geometric Sandals,Fashion,"['Desert Sage', 'Tropical Peach']",Generic,138.4,4.0,https://picsum.photos/seed/127/400/300
129,Womens Oboz Sapphire Waterproof Hiking Shoes,Fashion,"['Boysenberry', 'Charcoal/Beach Glass']",Generic,55.7,4.0,https://picsum.photos/seed/128/400/300
130,"Womens Mountain Slipper Moc, One-Eye Plaid",Fashion,"['Bean Boot Brown/Brown Plaid', 'Burgundy Plaid']",Generic,128.34,4.0,https://picsum.photos/seed/129/400/300
131,Womens Keen Targhee II Waterproof Hiking Shoes,Fashion,['Magnet/Periwinkle'],Generic,96.75,4.0,https://picsum.photos/seed/130/400/300
132,Womens Brooks Launch 6 Running Shoes,Fashion,['Aster/Fig/Gold'],Generic,37.68,4.0,https://picsum.photos/seed/131/400/300
133,"Womens Signature Waxed-Canvas Maine Hunting Shoe, 10",Fashion,"['Black/Black', 'Marsh Brown/Brown']",Generic,39.62,4.0,https://picsum.photos/seed/132/400/300
134,Womens Hoka One One Clifton 5 Running Shoes,Fashion,['Black/White'],Generic,135.41,4.0,https://picsum.photos/seed/133/400/300
135,Kork-Ease Velma Ankle Boots,Fashion,"['Black', 'Grey Suede', 'Rum', 'Burgundy Suede']",Generic,137.64,4.0,https://picsum.photos/seed/134/400/300
136,Womens Oboz Sawtooth Waterproof Hiking Shoes,Fashion,['Brindle/Tradewinds Blue'],Generic,149.78,4.0,https://picsum.photos/seed/135/400/300
138,"Womens L.L.Bean Boots, 8 Thinsulate",Fashion,"['Raven Blue/Raven Blue', 'Tan/Brown']",Generic,24.36,4.0,https://picsum.photos/seed/137/400/300
140,Womens New Balance Cruz v2 Running Shoes,Fashion,"['Black/Magnet', 'Phantom/Faded Copper']",Generic,25.75,4.0,https://picsum.photos/seed/139/400/300
141,"Merrell Siren Edge Q2 Shoe, Waterproof Womens",Fashion,['Frost'],Generic,62.34,4.0,https://picsum.photos/seed/140/400/300
142,Womens OluKai Pehuea Slip-Ons,Fashion,"['Black/Black', 'Pavement/Pavement']",Generic,148.09,4.0,https://picsum.photos/seed/141/400/300
143,Womens Teva Terra Fi 4 Sandals,Fashion,['Rocio North Atlantic'],Generic,92.93,4.0,https://picsum.photos/seed/142/400/300
144,Signature Waxed Canvas Rubber Moc,Fashion,"['Burgundy/Dark Slate Gray', 'Raw Indigo/Oyster Sh",Generic,124.61,4.0,https://picsum.photos/seed/143/400/300
145,Womens Teva Ysidro Stitch Sandals,Fashion,['Black'],Generic,27.52,4.0,https://picsum.photos/seed/144/400/300
146,"Womens Westport Ankle Boots, Oiled Suede",Fashion,"['Dark Brown', 'Toasted Coconut']",Generic,69.49,4.0,https://picsum.photos/seed/145/400/300
147,Womens Brooks Ariel 18 Running Shoes,Fashion,['Grey/Pink'],Generic,140.71,4.0,https://picsum.photos/seed/146/400/300
148,Womens Alpine Waterproof Hiking Boots,Fashion,"['Dark Earth', 'Saddle']",Generic,110.03,4.0,https://picsum.photos/seed/147/400/300
149,Womens OluKai Kahiko Flip-Flops,Fashion,"['Sea/Tan', 'Sting/Tan', 'Peach/Tan']",Generic,51.41,4.0,https://picsum.photos/seed/148/400/300
150,Womens OluKai KEA Slide,Fashion,"['Black/Tan', 'Sting/Tan']",Generic,111.99,4.0,https://picsum.photos/seed/149/400/300
151,Womens Bogs Flora Booties,Fashion,"['Sage', 'Violet']",Generic,41.84,4.0,https://picsum.photos/seed/150/400/300
152,"Womens Comfort Mocs, Leather Slide",Fashion,"['Black', 'Dark Brown']",Generic,16.95,4.0,https://picsum.photos/seed/151/400/300
153,Womens New Balance Summit Queen Of Mountain Trail Running Shoes,Fashion,['Castlerock/Hi-Lite'],Generic,71.07,4.0,https://picsum.photos/seed/152/400/300
154,Womens Bogs Crandall Tall Boots,Fashion,"['Black Multi', 'Wine']",Generic,101.17,4.0,https://picsum.photos/seed/153/400/300
156,Womens Muck Wetland Boots,Fashion,['Bark'],Generic,39.77,4.0,https://picsum.photos/seed/155/400/300
157,Womens BeanSport Casual Lace-Up Shoes,Fashion,"['Black', 'Dark Cement', 'Graphite', 'Mariner Blue",Generic,19.29,4.0,https://picsum.photos/seed/156/400/300
158,Womens Merrell Moab 2 Waterproof Hiking Shoes,Fashion,['Dusty Olive'],Generic,31.55,4.0,https://picsum.photos/seed/157/400/300
159,"Coolmax Nano Glide Multisport Socks, Two-Pack",Fashion,"['Bluebell+Stainless Steel', 'Storm Teal+Stainless",Generic,28.65,4.0,https://picsum.photos/seed/158/400/300
160,"Womens Comfort Mocs®, Leather",Fashion,"['Black', 'Dark Brown']",Generic,64.75,4.0,https://picsum.photos/seed/159/400/300
161,Womens Salomon Speedcross 4 Trail Running Shoes,Fashion,['Poseidon/Eggshell Blue'],Generic,38.44,4.0,https://picsum.photos/seed/160/400/300
162,"Womens Waterproof Rangeley Pac Boots, Tall Insulated",Fashion,"['Black', 'Balsam/Hickory']",Generic,87.08,4.0,https://picsum.photos/seed/161/400/300
163,Womens Teva Arrowood 2 Knit Trail Shoes,Fashion,['Midnight Navy'],Generic,120.57,4.0,https://picsum.photos/seed/162/400/300
164,"Womens Snow Sneakers, Low Lace-Up",Fashion,"['Ash', 'Black', 'Deepwater Blue']",Generic,141.6,4.0,https://picsum.photos/seed/163/400/300
165,Womens Chaco Z/Cloud Sandals,Fashion,['Blip Teal'],Generic,100.19,4.0,https://picsum.photos/seed/164/400/300
166,Womens Salomon X Ultra Low Gore-Tex Hikers,Fashion,['Languid Lavender/Crown Blue'],Generic,58.67,4.0,https://picsum.photos/seed/165/400/300
167,Womens Merrell Siren 3 Waterproof Hiking Shoes,Fashion,['Blue Smoke'],Generic,121.89,4.0,https://picsum.photos/seed/166/400/300
168,Womens Brooks Ghost 11 Running Shoes,Fashion,['Black/Pink'],Generic,133.86,4.0,https://picsum.photos/seed/167/400/300
169,Infants and Toddlers Mountain Classic Fleece,Fashion,"['Deep Sapphire', 'Hollyberry']",Generic,147.29,4.0,https://picsum.photos/seed/168/400/300
170,Infant and Toddler Girls Sea Spray Ruffle Surf Shirt,Fashion,"['Brilliant Blue Fishies', 'Vibrant Purple Petals'",Generic,135.74,4.0,https://picsum.photos/seed/169/400/300
171,Infants and Toddlers Mountain Bound Reversible Jacket,Fashion,"['Adobe Orange/Mountain Blue', 'Bright Sapphire/Te",Generic,117.11,4.0,https://picsum.photos/seed/170/400/300
172,Infants Ultralight 650 Down Bunting,Fashion,"['Glacier Blue', 'Sheer Lilac']",Generic,111.84,4.0,https://picsum.photos/seed/171/400/300
173,"Womens L.L.Bean Boots, 8 Bison",Fashion,['Dark Brown/Brick Red'],Generic,140.28,4.0,https://picsum.photos/seed/172/400/300
174,Womens Hoka One One Challenger ATR 5 Trail Running Shoes,Fashion,['Medieval Blue/Mallard Green'],Generic,131.39,4.0,https://picsum.photos/seed/173/400/300
175,"Infants Wicked Warm Underwear, One-Piece",Fashion,"['Cobalt Sea', 'Peak Purple']",Generic,111.01,4.0,https://picsum.photos/seed/174/400/300
176,Ultraplush Snow Bunting,Fashion,"['Bright Navy', 'Dark Mulberry']",Generic,98.31,4.0,https://picsum.photos/seed/175/400/300
177,Infants Sunday Afternoons Sunsprout Hat,Fashion,"['Electric Blue', 'Vivid Magenta']",Generic,79.14,4.0,https://picsum.photos/seed/176/400/300
178,"Wicked Warm Midweight Underwear Set, Toddlers",Fashion,"['Cobalt Sea', 'Peak Purple']",Generic,149.12,4.0,https://picsum.photos/seed/177/400/300
179,Toddlers Fleece Robe,Fashion,"['Apple Red', 'Azalea', 'Blue', 'Purple Blue']",Generic,16.31,4.0,https://picsum.photos/seed/178/400/300
180,Infant and Toddler Boys BeanSport Swim Shorts,Fashion,"['Classic Teal Blue Sloth', 'Nautical Navy Anchor'",Generic,149.18,4.0,https://picsum.photos/seed/179/400/300
181,"Infant and Toddler Girls Sea Spray Swimsuit, One-Piece",Fashion,"['Brilliant Blue Fishies', 'Vibrant Purple Petals'",Generic,31.93,4.0,https://picsum.photos/seed/180/400/300
182,Rugged Ridge Waterproof Hiking Shoes,Fashion,['Graphite'],Generic,53.7,4.0,https://picsum.photos/seed/181/400/300
183,"Infant and Toddler Girls Sea Spray Swimsuit, Two-Piece",Fashion,"['Brilliant Blue Fishies', 'Vibrant Purple Petals'",Generic,85.13,4.0,https://picsum.photos/seed/182/400/300
184,"Toddlers Sun-and-Surf Bodysuit, Colorblock",Fashion,"['Bluebird', 'Night']",Generic,28.55,4.0,https://picsum.photos/seed/183/400/300
185,"Womens Maine Hunting Shoes, 10 Gore-Tex/Thinsulate",Fashion,['Brown/Brown'],Generic,134.05,4.0,https://picsum.photos/seed/184/400/300
186,"Infants and Toddlers BeanSport Surf Shirt, Long-Sleeve",Fashion,"['Night/Moonlight Blue', 'Stainless Steel/Aqua']",Generic,50.39,4.0,https://picsum.photos/seed/185/400/300
187,Womens Oboz Sawtooth Hiking Shoes,Fashion,['Pewter/Violet'],Generic,133.77,4.0,https://picsum.photos/seed/186/400/300
188,"Womens Merrell Chameleon 7 Hiking Shoes, Low Waterproof",Fashion,['Frozen Blue'],Generic,126.61,4.0,https://picsum.photos/seed/187/400/300
189,Womens Oboz Bridger Waterproof Hiking Boots,Fashion,"['Rio Red', 'Walnut']",Generic,38.93,4.0,https://picsum.photos/seed/188/400/300
190,Womens Brooks Cascadia 13 Gore-Tex Trail Running Shoes,Fashion,['Black/Pink'],Generic,49.45,4.0,https://picsum.photos/seed/189/400/300
191,Darn Tough Micro-Crew Cushion Socks,Fashion,"['Aqua Heather', 'Denim', 'Slate']",Generic,136.47,4.0,https://picsum.photos/seed/190/400/300
192,Womens Darn Tough Pixie Crew Socks,Fashion,"['Black', 'Navy', 'Sky']",Generic,56.74,4.0,https://picsum.photos/seed/191/400/300
193,Womens Brooks Adrenaline GTS 19 Running Shoes,Fashion,['Navy/Aqua'],Generic,59.48,4.0,https://picsum.photos/seed/192/400/300
194,Womens Salomon Sense Ride Trail Runner,Fashion,['Blue Bird/Deep Lagoon'],Generic,103.15,4.0,https://picsum.photos/seed/193/400/300
195,Womens SmartWool Hide and Seek No-Show Socks,Fashion,"['Charcoal', 'Light Gray', 'Moonbeam']",Generic,70.66,4.0,https://picsum.photos/seed/194/400/300
196,Womens New Balance 574 Walking Shoes,Fashion,['Grey/White'],Generic,96.67,4.0,https://picsum.photos/seed/195/400/300
197,"Cresta Hiking Socks, Midweight Two-Pack",Fashion,"['Deep Lagoon', 'Deep Wisteria', 'Graystone']",Generic,56.63,4.0,https://picsum.photos/seed/196/400/300
198,"Womens Westport Perforated Ankle Boots, Nubuck",Fashion,['Dark Cement'],Generic,135.93,4.0,https://picsum.photos/seed/197/400/300
199,Womens Chaco Z/Cloud X Sandals,Fashion,"['Tartan Magenta', 'Standard Peach']",Generic,81.7,4.0,https://picsum.photos/seed/198/400/300
200,Womens Salomon X-Mission 3 Trail Running Shoes,Fashion,['North Atlantic/Eggshell Blue'],Generic,134.93,4.0,https://picsum.photos/seed/199/400/300
201,"Womens Keen Terradora Waterproof Hiking Boots, Mid",Fashion,"['Astral Aura/Liberty', 'Stormy Weather/Wrought Ir",Generic,63.78,4.0,https://picsum.photos/seed/200/400/300
202,"Hearthside Slippers, Ballet",Fashion,"['Dark Cement', 'French Vanilla', 'Black', 'Blue S",Generic,52.23,4.0,https://picsum.photos/seed/201/400/300
203,Womens Gore-Tex Vasque Breeze 3.0 Hiking Shoes,Fashion,['Gargoyle/Columbia'],Generic,149.36,4.0,https://picsum.photos/seed/202/400/300
204,"Womens Deerfield Mule Slip-Ons, Suede",Fashion,['Toasted Coconut'],Generic,89.69,4.0,https://picsum.photos/seed/203/400/300
206,Womens Darn Tough Stripe No-Show Socks,Fashion,"['Ash', 'Glacier']",Generic,94.37,4.0,https://picsum.photos/seed/205/400/300
207,"Cresta Wool-Blend Hiking Socks, Midweight Quarter-Crew Two-Pack",Fashion,"['Deep Lagoon', 'Deep Wisteria', 'Graystone']",Generic,100.44,4.0,https://picsum.photos/seed/206/400/300
208,Womens Vasque Talus Trek Waterproof Hiking Shoes,Fashion,['Gargoyle/Jasper'],Generic,101.5,4.0,https://picsum.photos/seed/207/400/300
209,Westport Chelsea Boots,Fashion,['Mahogany'],Generic,136.0,4.0,https://picsum.photos/seed/208/400/300
210,Womens Oboz Bridger Waterproof Hiking Shoes,Fashion,['Walnut'],Generic,55.87,4.0,https://picsum.photos/seed/209/400/300
211,"Womens Wicked Good Moccasins, Plaid",Fashion,"['Royal Stewart', 'Black Watch']",Generic,60.87,4.0,https://picsum.photos/seed/210/400/300
212,Womens Keen Targhee Ventilated Hiking Shoes,Fashion,['Bungee Cord/Canton'],Generic,87.96,4.0,https://picsum.photos/seed/211/400/300
213,Womens Campside Blucher Mocs,Fashion,"['Dark Cocoa', 'Black']",Generic,147.6,4.0,https://picsum.photos/seed/212/400/300
214,"Womens Small Batch L.L.Bean Boots, Rubber Moc",Fashion,['Black/Black/Gum'],Generic,43.04,4.0,https://picsum.photos/seed/213/400/300
215,"Womens Westport Boots, Tall",Fashion,"['Black', 'Mahogany']",Generic,18.08,4.0,https://picsum.photos/seed/214/400/300
216,"Womens Wicked Good Original Camp Mocs, Deerskin-Lined",Fashion,['Natural'],Generic,147.89,4.0,https://picsum.photos/seed/215/400/300
217,Womens Merrell Moab 2 Waterproof Hiking Boots,Fashion,['Granite'],Generic,139.26,4.0,https://picsum.photos/seed/216/400/300
218,"Womens Signature Waxed-Canvas Maine Hunting Shoe, 16",Fashion,"['Black/Black', 'Marsh Brown/Brown']",Generic,90.3,4.0,https://picsum.photos/seed/217/400/300
219,Womens Keen Targhee II Waterproof Hiking Boots,Fashion,['Gargoyle/Caribbean Sea'],Generic,121.41,4.0,https://picsum.photos/seed/218/400/300
220,"Womens Bean Boots by L.L.Bean®, 10 Shearling-Lined",Fashion,['Brown/Brown'],Generic,18.39,4.0,https://picsum.photos/seed/219/400/300
221,Womens Vasque Talus Trek Waterproof Hiking Boots,Fashion,['Gargoyle/Damson'],Generic,126.17,4.0,https://picsum.photos/seed/220/400/300
222,Aaron Sandals by Kork-Ease,Fashion,"['Blue Suede', 'Brown']",Generic,50.23,4.0,https://picsum.photos/seed/221/400/300
223,"Womens Snow Sneakers, Mid Lace-Up",Fashion,"['Ash', 'Black']",Generic,45.4,4.0,https://picsum.photos/seed/222/400/300
224,"Womens Smartwool PhD Run Ultralight Micro Socks, Striped",Fashion,"['Medium Gray', 'Mint']",Generic,51.85,4.0,https://picsum.photos/seed/223/400/300
225,"Cresta Hiking Socks, Lightweight Two-Pack",Fashion,"['Deep Lagoon', 'Deep Wisteria', 'Graystone']",Generic,72.36,4.0,https://picsum.photos/seed/224/400/300
226,Womens Wicked Good Lodge Chukkas,Fashion,['Brown'],Generic,27.75,4.0,https://picsum.photos/seed/225/400/300
227,Womens Salomon Outline Low Gore-Tex Hiking Shoes,Fashion,['Trellis/Navy Blazer'],Generic,114.05,4.0,https://picsum.photos/seed/226/400/300
228,"Womens Wicked Good Slipper, One-Band Slide",Fashion,['Brown'],Generic,108.5,4.0,https://picsum.photos/seed/227/400/300
229,Womens North Peak Ventilated Trail Shoes,Fashion,['Shale Gray/Reef Coral'],Generic,111.64,4.0,https://picsum.photos/seed/228/400/300
230,"Womens Ahnu Sugarpine II Hiking Boots, Waterproof",Fashion,['Insignia Blue'],Generic,47.38,4.0,https://picsum.photos/seed/229/400/300
231,"Signature Retro Colorblock Waxed-Canvas Bean Boots, 10",Fashion,"['Black/Olive', 'Navy/Terracotta']",Generic,90.09,4.0,https://picsum.photos/seed/230/400/300
232,Infants and Toddlers Discovery Rain Jacket,Fashion,"['Bright Yellow', 'Dark Royal Blue', 'Ruby Coral']",Generic,25.09,4.0,https://picsum.photos/seed/231/400/300
233,"Infants and Toddlers Katahdin Microfleece, Colorblock",Fashion,"['Federal Gray/Deep Orchid', 'Icy Violet/Bluebell'",Generic,135.73,4.0,https://picsum.photos/seed/232/400/300
234,Infants Hi-Loft Fleece Coveralls,Fashion,"['Chocolate', 'Natural', 'Classic Teal Blue', 'Sna",Generic,44.65,4.0,https://picsum.photos/seed/233/400/300
235,"Ledge Backpack, Colorblock",Fashion,"['Antique Plum', 'Bright Navy', 'Fiery Red']",Generic,18.43,4.0,https://picsum.photos/seed/234/400/300
236,Hillsound Trail Crampons,Fashion,['Black'],Generic,56.17,4.0,https://picsum.photos/seed/235/400/300
237,L.L.Bean Campus Commuter Pack,Fashion,"['Gray Heather', 'Coal', 'Teal Shadow']",Generic,20.74,4.0,https://picsum.photos/seed/236/400/300
238,Acadia National Park Patch,Fashion,['Multi'],Generic,129.62,4.0,https://picsum.photos/seed/237/400/300
239,Find Your Park Patch,Fashion,['Multi'],Generic,67.99,4.0,https://picsum.photos/seed/238/400/300
240,"L.L.Bean Explorer Backpack, Print",Fashion,"['Carbon Neon Shark', 'True Teal Flower Power']",Generic,50.5,4.0,https://picsum.photos/seed/239/400/300
241,"L.L.Bean Deluxe Book Pack, Print",Fashion,"['Coal Dust Herringbone', 'Periwinkle Sky Chevron'",Generic,83.24,4.0,https://picsum.photos/seed/240/400/300
242,L.L.Bean Deluxe Book Pack,Fashion,"['Black', 'Dahlia Purple', 'Fresh Mint', 'Navy', '",Generic,115.73,4.0,https://picsum.photos/seed/241/400/300
243,"Infants and Toddlers L.L.Bean Sweater Fleece, Full Zip",Fashion,"['Dark Mulberry', 'Glacier Blue']",Generic,71.61,4.0,https://picsum.photos/seed/242/400/300
244,Rocky Mountain National Park Patch,Fashion,['Multi'],Generic,80.64,4.0,https://picsum.photos/seed/243/400/300
245,"Womens Small Batch Tumbled-Leather L.L.Bean Boots, 7 Shearling-Lined Lounger",Fashion,['Dark Ash/Dark Ash/Brick Red'],Generic,79.41,4.0,https://picsum.photos/seed/244/400/300
246,Womens Merrell Siren Sport Q2 Waterproof Hiking Boots,Fashion,['Slate Black'],Generic,129.28,4.0,https://picsum.photos/seed/245/400/300
247,L.L.Bean Waxed-Canvas Continental Rucksack,Fashion,['Olive'],Generic,62.17,4.0,https://picsum.photos/seed/246/400/300
248,Pearl Izumi Elite Low Cycling Socks,Fashion,"['Core Screaming Pink', 'Core White']",Generic,26.15,4.0,https://picsum.photos/seed/247/400/300
249,Tech Tote,Fashion,"['Black', 'Fresh Mint']",Generic,87.86,4.0,https://picsum.photos/seed/248/400/300
250,"Womens Merrell Moab FST 2 Hiking Shoes, Low Waterproof",Fashion,['Granite/Shark'],Generic,33.73,4.0,https://picsum.photos/seed/249/400/300
251,"L.L.Bean Classic Wool Socks, Womens 2-Pack",Fashion,"['Black', 'Deep Port', 'Gray Heather']",Generic,86.76,4.0,https://picsum.photos/seed/250/400/300
252,SmartWool Margarita Socks,Fashion,"['Ash-Meadow Mauve', 'Deep Navy Heather', 'Medium ",Generic,102.36,4.0,https://picsum.photos/seed/251/400/300
253,"Womens PrimaLoft Performance Socks, Crew Height",Fashion,"['Night Heather', 'Vintage Lavender', 'Vintage Tea",Generic,127.31,4.0,https://picsum.photos/seed/252/400/300
254,"Womens Westport Boots, Tall Oil Suede",Fashion,['Dark Brown'],Generic,140.61,4.0,https://picsum.photos/seed/253/400/300
256,Thermacell Heated Insoles,Fashion,['Red'],Generic,40.49,4.0,https://picsum.photos/seed/255/400/300
257,"Darn Tough Good Witch Socks, Crew",Fashion,"['Dahlia Denim', 'Gertrud Gray', 'Roxanne Raspberr",Generic,43.74,4.0,https://picsum.photos/seed/256/400/300
258,"Womens Merrell Moab FST 2 Hiking Boots, Mid Waterproof",Fashion,['Black/Granite'],Generic,142.13,4.0,https://picsum.photos/seed/257/400/300
259,"Cotton Ragg Camp Socks,Two-Pack",Fashion,"['Darkest Navy/Cream', 'Deep Wine/Cream', 'Hunter ",Generic,139.72,4.0,https://picsum.photos/seed/258/400/300
260,"Womens Smartwool Margarita Hike Light Socks, Stripe",Fashion,"['Bordeaux', 'Charcoal', 'Light Gray']",Generic,58.44,4.0,https://picsum.photos/seed/259/400/300
261,Womens Darn Tough Her Spur Boot Socks,Fashion,"['Denim', 'Taupe']",Generic,121.91,4.0,https://picsum.photos/seed/260/400/300
262,"Wicked Good Toe Warmers, Pack of 18 Pairs",Fashion,[],Generic,117.27,4.0,https://picsum.photos/seed/261/400/300
263,Womens Salomon Outback 500 GTX Hiking Boots,Fashion,['Ebony/Black'],Generic,44.8,4.0,https://picsum.photos/seed/262/400/300
264,"Womens Bogs B Puffy Boot, Mid",Fashion,"['Black', 'Grape']",Generic,48.7,4.0,https://picsum.photos/seed/263/400/300
265,"Womens Maine Hunting Shoes, 10",Fashion,['Brown/Brown'],Generic,94.24,4.0,https://picsum.photos/seed/264/400/300
266,"Adults Wool-Blend Cresta Socks, Midweight Quarter-Crew One Pair",Fashion,['Deep Wisteria'],Generic,56.36,4.0,https://picsum.photos/seed/265/400/300
267,"Cresta No Fly Zone Hiking Socks, Lightweight Quarter-Crew Two-Pack",Fashion,"['Deep Wisteria', 'Graystone']",Generic,115.02,4.0,https://picsum.photos/seed/266/400/300
268,Superfeet Blue All-Purpose Insoles,Fashion,['Blue'],Generic,91.69,4.0,https://picsum.photos/seed/267/400/300
269,"Tumbled-Leather L.L.Bean Boots, 7 Lounger",Fashion,['Tan/Brown'],Generic,129.25,4.0,https://picsum.photos/seed/268/400/300
270,Womens Chaco Diana Sandals,Fashion,['Florentine Ava'],Generic,135.1,4.0,https://picsum.photos/seed/269/400/300
271,"Womens Ultralight Waterproof Pac Boots, Mid",Fashion,['Asphalt'],Generic,149.15,4.0,https://picsum.photos/seed/270/400/300
272,Superfeet Carbon Premium Insoles,Fashion,['Carbon'],Generic,87.55,4.0,https://picsum.photos/seed/271/400/300
273,"Cotton Ragg Lightweight Crew Sock, Two-Pack",Fashion,"['Darkest Navy+Gray', 'Orange Spice+Fawn', 'Pastel",Generic,52.46,4.0,https://picsum.photos/seed/272/400/300
274,"Katahdin Hiking Shoes, Suede Mesh",Fashion,"['Brown/Camel Brown', 'Graphite/Cayenne']",Generic,144.53,4.0,https://picsum.photos/seed/273/400/300
275,Womens Traverse Trail Sneakers,Fashion,"['Dark Stone/Bright Berry', 'Frost Gray/Aqua Slpas",Generic,90.45,4.0,https://picsum.photos/seed/274/400/300
276,Westport Ankle-Strap Boots,Fashion,"['Black', 'Dark Barley']",Generic,91.43,4.0,https://picsum.photos/seed/275/400/300
277,"Womens Cotton Ragg Socks, Quarter-Crew Two-Pack",Fashion,"['Darkest Navy+Cream', 'Hunter Green+Gray', 'Port+",Generic,97.1,4.0,https://picsum.photos/seed/276/400/300
278,Womens Gore-Tex Vasque Breeze 3.0 Hiking Boots,Fashion,['Red Mahogany/Black Olive'],Generic,39.43,4.0,https://picsum.photos/seed/277/400/300
279,Womens Oboz Sapphire Waterproof Mid Hikers,Fashion,['Huckleberry'],Generic,102.34,4.0,https://picsum.photos/seed/278/400/300
280,"Womens Keen Targhee III Hikers, Waterproof Mid",Fashion,['Weiss/Boysenberry'],Generic,146.89,4.0,https://picsum.photos/seed/279/400/300
281,Small Batch 6 L.L.Bean Boots,Fashion,"['Cherry/Cherry/Guide Orange', 'Green/Natural/Gum'",Generic,111.69,4.0,https://picsum.photos/seed/280/400/300
282,"Merino Wool Ragg Socks, 10 Two-Pack",Fashion,"['Balsam+Gray', 'Charcoal/Charcoal', 'Gray/Gray', ",Generic,89.09,4.0,https://picsum.photos/seed/281/400/300
283,"Womens Merrell Chameleon 7, Low Ventilated",Fashion,['Slate'],Generic,42.95,4.0,https://picsum.photos/seed/282/400/300
284,Womens Irish Setter VaprTrek Hunting Boots,Fashion,['Mossy Oak Break Up Infinity'],Generic,128.06,4.0,https://picsum.photos/seed/283/400/300
285,"SmartWool PhD Outdoor Socks, Lightweight Crew",Fashion,"['Charcoal', 'Light Gray']",Generic,138.85,4.0,https://picsum.photos/seed/284/400/300
286,"Darn Tough Cushion Socks, Lightweight Micro-Crew",Fashion,"['Denim', 'Moss/Eggplant', 'Slate/Seafoam']",Generic,120.59,4.0,https://picsum.photos/seed/285/400/300
287,Womens Hoka One One Challenger ATR 4 Running Shoes,Fashion,['Poseidon/Bluebird'],Generic,133.89,4.0,https://picsum.photos/seed/286/400/300
288,Womens Darn Tough Katahdin Micro Crew Sock,Fashion,['Katahdin Logo'],Generic,64.38,4.0,https://picsum.photos/seed/287/400/300
289,Superfeet Copper Dynamic Molding Process Premium Insoles,Fashion,['Copper'],Generic,41.87,4.0,https://picsum.photos/seed/288/400/300
290,"Cresta No Fly Zone Hiking Socks, Lightweight Two-Pack",Fashion,"['Deep Wisteria', 'Graystone']",Generic,117.72,4.0,https://picsum.photos/seed/289/400/300
291,Adults Shearling Insoles,Fashion,"['Chocolate Brown', 'Graphite', 'Natural']",Generic,51.22,4.0,https://picsum.photos/seed/290/400/300
292,"Quad Pack, Heather",Fashion,['Marine Blue'],Generic,27.99,4.0,https://picsum.photos/seed/291/400/300
293,Quad Pack,Fashion,"['Black/Carbon', 'Fresh Mint/Mineral Gray']",Generic,96.5,4.0,https://picsum.photos/seed/292/400/300
294,"Womens Keen Targhee III Hikers, Waterproof",Fashion,['Weiss/Boysenberry'],Generic,129.53,4.0,https://picsum.photos/seed/293/400/300
295,"Graphic Boot Socks, Two-Pack",Fashion,"['Beans Tartan+Oatmeal Heather', 'Lavender+Oatmeal",Generic,119.36,4.0,https://picsum.photos/seed/294/400/300
296,"Womens PrimaLoft Performance Socks,1/4 Crew",Fashion,"['Night Heather', 'Vintage Teal']",Generic,34.44,4.0,https://picsum.photos/seed/295/400/300
297,Ledge Backpack,Fashion,"['Black Heather', 'Bright Sapphire Gradient']",Generic,74.62,4.0,https://picsum.photos/seed/296/400/300
298,L.L.Bean Original Book Pack,Fashion,"['Brilliant Blue', 'Red', 'Royal']",Generic,128.44,4.0,https://picsum.photos/seed/297/400/300
299,"Rolling Book Pack Deluxe, Print",Fashion,"['Forest Moss Camo Haze', 'Fresh Mint Prism']",Generic,145.72,4.0,https://picsum.photos/seed/298/400/300
300,"Junior Original Book Pack, Print",Fashion,"['Classic Red Camo Multi', 'Dahlia Purple Lazy Dai",Generic,22.19,4.0,https://picsum.photos/seed/299/400/300
301,"L.L.Bean Original Book Pack, Print",Fashion,"['Bright Sapphire Feathers', 'Luminous Blue Camo M",Generic,117.34,4.0,https://picsum.photos/seed/300/400/300
302,Super Deluxe Book Pack,Fashion,"['Black', 'Cobalt Sea', 'Dark Orchid', 'Fresh Mint",Generic,146.98,4.0,https://picsum.photos/seed/301/400/300
303,Junior Original Book Pack,Fashion,"['Red', 'Royal']",Generic,105.71,4.0,https://picsum.photos/seed/302/400/300
304,"Mens MIF&W Tee, Long-Sleeve Brook Trout",Fashion,['Navy'],Generic,116.98,4.0,https://picsum.photos/seed/303/400/300
305,Turbo Transit Pack,Fashion,"['Black', 'Cobalt Sea', 'Dark Orchid', 'Night']",Generic,144.48,4.0,https://picsum.photos/seed/304/400/300
306,Rolling Deluxe Book Pack,Fashion,"['Black', 'Fresh Mint']",Generic,81.23,4.0,https://picsum.photos/seed/305/400/300
308,Mens No Fly Zone Hoodie,Fashion,"['Dusty Sage', 'Shadow']",Generic,82.26,4.0,https://picsum.photos/seed/307/400/300
309,"MIF&W Baseball Cap, Brook Trout",Fashion,['Navy'],Generic,100.88,4.0,https://picsum.photos/seed/308/400/300
310,Mens Travelers TEKCotton Vest,Fashion,"['Saddle', 'Vintage Olive']",Generic,143.84,4.0,https://picsum.photos/seed/309/400/300
311,"Ultimate Fishing Shirt, Long-Sleeve",Fashion,"['Dusty Sage', 'Graystone', 'Marine Blue']",Generic,24.66,4.0,https://picsum.photos/seed/310/400/300
312,L.L.Bean Junior Archery Set,Fashion,['Natural Wood'],Generic,53.67,4.0,https://picsum.photos/seed/311/400/300
313,Mens Angler Fishing Vest,Fashion,['Mineral Gray/Asphalt'],Generic,22.89,4.0,https://picsum.photos/seed/312/400/300
314,Rapid River Vest Pack,Fashion,['Forest Shade/Bay Leaf'],Generic,132.4,4.0,https://picsum.photos/seed/313/400/300
315,Mens Gore-Tex PacLite Stowaway Wading Jacket,Fashion,['Graphite'],Generic,97.96,4.0,https://picsum.photos/seed/314/400/300
316,Easton® Arrow Six-Pack,Fashion,['Multi'],Generic,115.52,4.0,https://picsum.photos/seed/315/400/300
317,Womens Henschel Aussie Breezer Hat,Fashion,['Natural'],Generic,119.59,4.0,https://picsum.photos/seed/316/400/300
318,"Mens Tropicwear Shirt, Plaid Long-Sleeve",Fashion,['Burnt Orange Plaid'],Generic,75.55,4.0,https://picsum.photos/seed/317/400/300
319,"Mens Tropicwear Shirt, Plaid Short-Sleeve",Fashion,"['Asphalt', 'Light Cobalt']",Generic,73.04,4.0,https://picsum.photos/seed/318/400/300
320,Black Hole Archery Target,Fashion,['Black'],Generic,33.93,4.0,https://picsum.photos/seed/319/400/300
321,Emerger II Wading Jacket,Fashion,['Ash'],Generic,119.73,4.0,https://picsum.photos/seed/320/400/300
322,Family Archery Set,Fashion,['Natural Wood'],Generic,65.31,4.0,https://picsum.photos/seed/321/400/300
323,Womens Travelers TEKCotton Vest,Fashion,"['Saddle', 'Vintage Olive']",Generic,21.32,4.0,https://picsum.photos/seed/322/400/300
324,Mens Tropicwear Zip-Leg Pants,Fashion,"['Dark Driftwood', 'Frost Gray']",Generic,46.53,4.0,https://picsum.photos/seed/323/400/300
325,Buff Coolnet UV Plus Multifunctional Headwear,Fashion,"['AD Maddox Chrome', 'AD Maddox Striper Rise', 'Am",Generic,85.73,4.0,https://picsum.photos/seed/324/400/300
326,Aussie Breezer Hat with SPF 30+,Fashion,"['Green', 'Khaki']",Generic,94.18,4.0,https://picsum.photos/seed/325/400/300
327,Sea to Summit Mosquito Head Net with Insect Shield,Fashion,[],Generic,79.38,4.0,https://picsum.photos/seed/326/400/300
328,Mens Buff Aqua Gloves,Fashion,['Pelagic Camo White'],Generic,138.1,4.0,https://picsum.photos/seed/327/400/300
329,Womens No Fly Zone Jacket,Fashion,"['Chalky Teal', 'Mineral Gray']",Generic,132.4,4.0,https://picsum.photos/seed/328/400/300
330,"Mens Tropicwear Shirt, Plaid Long-Sleeve",Fashion,"['Asphalt', 'Light Cobalt']",Generic,34.92,4.0,https://picsum.photos/seed/329/400/300
331,"Mens Tropicwear Shirt, Plaid Short-Sleeve",Fashion,"['Burnt Orange Plaid', 'Pale Turquoise Plaid']",Generic,114.55,4.0,https://picsum.photos/seed/330/400/300
332,"Tropicwear Shorts, 7 Inseam",Fashion,"['Dark Driftwood', 'Frost Gray']",Generic,21.51,4.0,https://picsum.photos/seed/331/400/300
333,"Womens No Fly Zone Field Tee, Short-Sleeve",Fashion,"['Bluestone', 'Shadow']",Generic,42.65,4.0,https://picsum.photos/seed/332/400/300
334,"Womens Tropicwear Shirt, Plaid Long-Sleeve",Fashion,"['Asphalt', 'Chalky Teal']",Generic,94.16,4.0,https://picsum.photos/seed/333/400/300
335,Mens No Fly Zone Jacket,Fashion,"['Mineral Gray', 'Mountain Blue']",Generic,66.87,4.0,https://picsum.photos/seed/334/400/300
336,Tropicwear Pants,Fashion,"['Dark Driftwood', 'Frost Gray']",Generic,140.67,4.0,https://picsum.photos/seed/335/400/300
337,Womens Tropicwear Capris,Fashion,"['Dark Driftwood', 'Frost Gray']",Generic,111.02,4.0,https://picsum.photos/seed/336/400/300
338,Mens Tropicwear Pants,Fashion,"['Dark Driftwood', 'Frost Gray']",Generic,76.71,4.0,https://picsum.photos/seed/337/400/300
339,"Mens Tropicwear Cargo Shorts, 7 Inseam",Fashion,"['Dark Driftwood', 'Frost Gray']",Generic,64.0,4.0,https://picsum.photos/seed/338/400/300
340,Tropicwear Zip-Leg Pants,Fashion,"['Dark Driftwood', 'Frost Gray']",Generic,66.79,4.0,https://picsum.photos/seed/339/400/300
341,Tropicwear Outback Hat,Fashion,"['Chili', 'Clay', 'Dusty Sage', 'Soft Blue']",Generic,55.27,4.0,https://picsum.photos/seed/340/400/300
342,"Womens Tropicwear Shirt, Sleeveless",Fashion,"['Lapis Quartz', 'Pale Turquoise', 'Pewter', 'Sunl",Generic,43.58,4.0,https://picsum.photos/seed/341/400/300
343,"Womens No Fly Zone Field Tee, Long-Sleeve",Fashion,"['Bluestone', 'Shadow']",Generic,131.69,4.0,https://picsum.photos/seed/342/400/300
344,"Mens No Fly Zone Tee, Short-Sleeve",Fashion,"['Dusty Sage', 'Shadow']",Generic,86.56,4.0,https://picsum.photos/seed/343/400/300
345,Mens No Fly Zone Zip-Leg Pants,Fashion,"['Asphalt', 'Dark Khaki']",Generic,51.76,4.0,https://picsum.photos/seed/344/400/300
346,"Tropicwear Shirt, Short-Sleeve",Fashion,"['Lapis Quartz', 'Pale Turquoise', 'Pewter', 'Sunl",Generic,89.67,4.0,https://picsum.photos/seed/345/400/300
347,"Mens No Fly Zone Field Tee, Long-Sleeve",Fashion,"['Dusty Sage', 'Shadow']",Generic,141.1,4.0,https://picsum.photos/seed/346/400/300
348,Womens Tropicwear Outback Hat,Fashion,"['Dusty Sage', 'Pewter', 'Sunlit Coral']",Generic,141.58,4.0,https://picsum.photos/seed/347/400/300
349,Buff Coolnet UV Plus Insect Shield Multifunctional Headwear,Fashion,"['Cassia', 'Hashtag', 'Mossy Oak Elements Graphite",Generic,67.08,4.0,https://picsum.photos/seed/348/400/300
350,Womens No Fly Zone Shirt,Fashion,"['Clay', 'Mid-Blue', 'Red Violet']",Generic,130.2,4.0,https://picsum.photos/seed/349/400/300
351,Womens No Fly Zone Hoodie,Fashion,"['Bluestone', 'Shadow']",Generic,102.91,4.0,https://picsum.photos/seed/350/400/300
352,"Womens No Fly Zone Pants, Zip-Leg",Fashion,"['Asphalt', 'Dark Khaki']",Generic,147.53,4.0,https://picsum.photos/seed/351/400/300
353,Mens No Fly Zone Shirt,Fashion,"['Clay', 'Dusk Blue', 'Dusty Olive']",Generic,22.6,4.0,https://picsum.photos/seed/352/400/300
354,"Tropicwear Shirt, Long-Sleeve",Fashion,"['Lapis Quartz', 'Pale Turquoise', 'Pewter', 'Sunl",Generic,48.0,4.0,https://picsum.photos/seed/353/400/300
355,Mens Tropicwear Shirt,Fashion,"['Capri Blue', 'Chalky Teal', 'Chili', 'Dusty Sage",Generic,92.15,4.0,https://picsum.photos/seed/354/400/300
356,"Mens Leather Double-Sole Slippers, Leather-Lined",Fashion,['Brown'],Generic,51.5,4.0,https://picsum.photos/seed/355/400/300
357,"Mens Tropicwear Shirt, Short-Sleeve",Fashion,"['Capri Blue', 'Chalky Teal', 'Chili', 'Dusty Sage",Generic,72.41,4.0,https://picsum.photos/seed/356/400/300
358,"Mens Campside Shoes, 2-Eye Wallabee",Fashion,"['Asphalt', 'Vintage Olive']",Generic,16.14,4.0,https://picsum.photos/seed/357/400/300
359,"Mens Small Batch Bean Boot, 6 Canvas",Fashion,['Dark Cement/Bean Boot Brown/Dark Olive'],Generic,86.9,4.0,https://picsum.photos/seed/358/400/300
360,"Mens Campside Shoe, Oxford Lace To Toe",Fashion,"['Asphalt', 'Carbon Navy']",Generic,58.53,4.0,https://picsum.photos/seed/359/400/300
361,Mens Wicked Good Scuffs III,Fashion,"['Brown', 'Chocolate Brown', 'Graphite']",Generic,22.69,4.0,https://picsum.photos/seed/360/400/300
362,Mens New Balance 877 Walking Shoes,Fashion,['Gray'],Generic,126.35,4.0,https://picsum.photos/seed/361/400/300
363,Mens Waterproof Hoka One One Sky Toa,Fashion,['Phantom'],Generic,116.67,4.0,https://picsum.photos/seed/362/400/300
364,"Mens Signature Handsewn Jackman Blucher Mocs, Leather",Fashion,"['Dark Brown', 'Saddle', 'Black']",Generic,92.52,4.0,https://picsum.photos/seed/363/400/300
365,"Mens Comfort Mocs, Leather Slides",Fashion,"['Black', 'Dark Brown']",Generic,86.23,4.0,https://picsum.photos/seed/364/400/300
366,"Ultralight Waterproof Insulated Pac Boot, Mid Pull-On",Fashion,"['Black', 'Dark Cement']",Generic,137.47,4.0,https://picsum.photos/seed/365/400/300
367,"CoolMax Nano Glide Multisport Socks, Two-Pack",Fashion,"['Adobe Orange+Stainless Steel', 'Crisp Lapis/Stai",Generic,76.69,4.0,https://picsum.photos/seed/366/400/300
368,Mens Signature Handsewn Jackman Camp Mocs,Fashion,"['Dark Brown', 'Saddle', 'Black', 'Deep Lagoon']",Generic,64.92,4.0,https://picsum.photos/seed/367/400/300
369,Mens Teva Original Universal Sandal,Fashion,"['Gc100 Boomerang', 'Pottery Black Multi']",Generic,132.73,4.0,https://picsum.photos/seed/368/400/300
370,"Mens Katahdin Iron Works Boots II, Plain Toe",Fashion,['Cordovan'],Generic,65.09,4.0,https://picsum.photos/seed/369/400/300
371,Mens OluKai NaI Waterproof Slip-Ons,Fashion,['Espresso/Black'],Generic,45.88,4.0,https://picsum.photos/seed/370/400/300
373,Mens Teva Holliway Sandals,Fashion,['Turkish Coffee'],Generic,82.35,4.0,https://picsum.photos/seed/372/400/300
374,"Mens Allagash Bison Handsewns, Oxford",Fashion,['Raisin'],Generic,54.76,4.0,https://picsum.photos/seed/373/400/300
375,Mens Merrell Moab FST 2 Ventilated Hiking Shoes,Fashion,['Olive/Adobe'],Generic,112.63,4.0,https://picsum.photos/seed/374/400/300
376,Mens Wicked Good Slippers,Fashion,"['Brown', 'Chocolate Brown']",Generic,78.49,4.0,https://picsum.photos/seed/375/400/300
377,"Mens Bean Boots by L.L.Bean®, 6",Fashion,['Tan/Brown'],Generic,69.94,4.0,https://picsum.photos/seed/376/400/300
378,Mens OluKai Ohana Sandals,Fashion,"['Black/Dark Shadow', 'Dark Java/Ray']",Generic,84.96,4.0,https://picsum.photos/seed/377/400/300
379,"Mens Casco Bay Boat Mocs, Venetian",Fashion,['Canyon'],Generic,117.14,4.0,https://picsum.photos/seed/378/400/300
380,Mens Merrell Nova Gore-Tex Trail Running Shoes,Fashion,['Black'],Generic,106.1,4.0,https://picsum.photos/seed/379/400/300
381,"Mens Comfort Mocs, Ventilated Slip-On",Fashion,"['Asphalt', 'Black', 'Brown']",Generic,67.0,4.0,https://picsum.photos/seed/380/400/300
382,Mens Trail Model 4 Waterproof Hiking Boots,Fashion,"['Dark Cement/Sable', 'Shale Gray/Graphite']",Generic,137.28,4.0,https://picsum.photos/seed/381/400/300
383,"Mens Wicked Good Deerskin-Lined Slippers, Original Venetian",Fashion,['Deepest Brown'],Generic,109.77,4.0,https://picsum.photos/seed/382/400/300
384,Mens Comfort Mocs®,Fashion,"['Chocolate', 'Ink Black']",Generic,104.99,4.0,https://picsum.photos/seed/383/400/300
385,"Mens Handsewn Slippers, Flannel-Lined",Fashion,"['Acorn', 'Brown']",Generic,99.93,4.0,https://picsum.photos/seed/384/400/300
386,"Mens Bogs Bozeman Boots, Tall",Fashion,['Black'],Generic,91.25,4.0,https://picsum.photos/seed/385/400/300
387,"Mens Wicked Good Slippers, Venetian",Fashion,"['Brown', 'Chocolate Brown']",Generic,130.96,4.0,https://picsum.photos/seed/386/400/300
388,Mens Swift River Sport Flip-Flops,Fashion,"['Carbon Navy', 'Dark Silt']",Generic,102.94,4.0,https://picsum.photos/seed/387/400/300
389,"Mens Allagash Bison Handsewns, Penny Loafers",Fashion,['Raisin'],Generic,40.66,4.0,https://picsum.photos/seed/388/400/300
390,"Mens Bean Boots by L.L.Bean®, Rubber Moc",Fashion,['Tan/Brown'],Generic,50.72,4.0,https://picsum.photos/seed/389/400/300
391,Mens Teva Omnium 2 Leather Sandals,Fashion,['Turkish Coffee'],Generic,33.17,4.0,https://picsum.photos/seed/390/400/300
392,Moose River Hat,Fashion,"['Khaki Green', 'Silverbelly']",Generic,113.17,4.0,https://picsum.photos/seed/391/400/300
393,L.L.Bean Heritage Fishing Hat,Fashion,"['Ash Bark', 'Dusty Olive']",Generic,77.06,4.0,https://picsum.photos/seed/392/400/300
394,Stetson Spencer Hat,Fashion,['Mushroom'],Generic,70.51,4.0,https://picsum.photos/seed/393/400/300
395,Mens OluKai Alania Flip-Flops,Fashion,['Mustang/Dark Wood'],Generic,67.06,4.0,https://picsum.photos/seed/394/400/300
396,"Anglers Cool Performance Shirt, Print",Fashion,['Platinum Water Camo/Quarry Gray'],Generic,74.33,4.0,https://picsum.photos/seed/395/400/300
397,Tropicwear Cap,Fashion,"['Pewter', 'Soft Blue', 'White']",Generic,141.86,4.0,https://picsum.photos/seed/396/400/300
399,"Mens Technical Fishing Graphic Tees, Short-Sleeve",Fashion,"['Classic Cobalt', 'Mineral Gray', 'Rainforest', '",Generic,43.87,4.0,https://picsum.photos/seed/398/400/300
400,"Maine Inland Fisheries and Wildlife Beanie, Brook Trout",Fashion,['Navy'],Generic,90.3,4.0,https://picsum.photos/seed/399/400/300
401,Anglers Cool Performance Shirt,Fashion,['Herb Green/Quarry Gray'],Generic,58.99,4.0,https://picsum.photos/seed/400/400/300
402,Ultralight Packable Wading Jacket,Fashion,['Avocado'],Generic,121.25,4.0,https://picsum.photos/seed/401/400/300
403,"Mens Technical Fishing Graphic Tees, Long-Sleeve",Fashion,"['Mineral Gray', 'Navy']",Generic,109.0,4.0,https://picsum.photos/seed/402/400/300
404,"Mens Wicked Good Original Slipper Moc, Deerskin-Lined",Fashion,['Brown'],Generic,123.78,4.0,https://picsum.photos/seed/403/400/300
405,"Mens Bean Boots by L.L.Bean®, 8",Fashion,['Tan/Brown'],Generic,103.09,4.0,https://picsum.photos/seed/404/400/300
406,Mens OluKai Nohea Mesh Slip-Ons,Fashion,"['Dark Shadow/Dark Shadow', 'Mustang/Lime Peel']",Generic,109.9,4.0,https://picsum.photos/seed/405/400/300
407,Sea to Summit Bugwear Jacket and Mitts,Fashion,['Olive'],Generic,61.92,4.0,https://picsum.photos/seed/406/400/300
408,Mens Keen Newport H2 Sandals,Fashion,"['Dress Blues/Steel Grey', 'Navy/Medium Grey', 'Ra",Generic,62.48,4.0,https://picsum.photos/seed/407/400/300
409,Mens Casco Bay Boat Mocs,Fashion,"['Canyon', 'Chocolate', 'Light Brown', 'Tan/Bean B",Generic,114.13,4.0,https://picsum.photos/seed/408/400/300
410,Mens Keen® Newport Sandals,Fashion,['Bison'],Generic,133.35,4.0,https://picsum.photos/seed/409/400/300
411,"Mens New Balance 608v5 Sneakers, Suede",Fashion,['Chocolate Brown/White'],Generic,98.38,4.0,https://picsum.photos/seed/410/400/300
412,Mens Rocky Coast Multisport Trail Shoes,Fashion,['Tidal Marsh'],Generic,68.73,4.0,https://picsum.photos/seed/411/400/300
413,"Mens New Balance 608 Cross Trainers, Leather",Fashion,"['Black/White', 'White/Navy']",Generic,90.98,4.0,https://picsum.photos/seed/412/400/300
414,Mens Rocky Coast Multisport Shoes,Fashion,['Carbon Navy'],Generic,35.56,4.0,https://picsum.photos/seed/413/400/300
415,Toddlers Teva Hurricane XLT 2 Sandals,Fashion,"['Gc100 Boomerang', 'Strawberries Pink']",Generic,147.28,4.0,https://picsum.photos/seed/414/400/300
416,Mens Teva Langdon Leather Sandals,Fashion,['Walnut'],Generic,134.53,4.0,https://picsum.photos/seed/415/400/300
417,Mens Wicked Good Moccasins,Fashion,"['Black', 'Brown', 'Chocolate Brown', 'Graphite']",Generic,88.1,4.0,https://picsum.photos/seed/416/400/300
418,Toddlers Puddle Stompers Rain Boots,Fashion,"['Bright Yellow', 'Dark Royal Blue', 'Ruby Coral',",Generic,25.53,4.0,https://picsum.photos/seed/417/400/300
419,Toddlers Animal Paws Slippers,Fashion,['Owl'],Generic,49.38,4.0,https://picsum.photos/seed/418/400/300
420,Infants and Toddlers Keen Newport H2 Sandals,Fashion,"['Blue Depths/Gargoyle', 'Blue Opal/Vibrant Blue',",Generic,86.48,4.0,https://picsum.photos/seed/419/400/300
421,Kids New Balance Fast Sneaker,Fashion,"['Black/Peony', 'Black/UV Blue']",Generic,38.9,4.0,https://picsum.photos/seed/420/400/300
422,Kids Waxed-Canvas L.L.Bean Boots,Fashion,['Navy/Carbon Navy'],Generic,134.73,4.0,https://picsum.photos/seed/421/400/300
423,Toddlers Wicked Good Slippers,Fashion,"['Brown', 'Mariner Blue']",Generic,59.3,4.0,https://picsum.photos/seed/422/400/300
424,"Kids CoolMax Multisport Socks, Two-Pack",Fashion,"['Ocean Blue + Bold Orange', 'Wild Berry + Classic",Generic,30.32,4.0,https://picsum.photos/seed/423/400/300
425,Kids Blaze Knit Sneakers,Fashion,"['Bold Crimson', 'Capri Blue', 'Red-Violet', 'Roya",Generic,73.68,4.0,https://picsum.photos/seed/424/400/300
426,"Mens Snow Sneaker, Mid Lace-Up",Fashion,"['Bean Boot Brown', 'Black']",Generic,37.98,4.0,https://picsum.photos/seed/425/400/300
427,Mens Merrell Moab 2 Waterproof Hiking Boots,Fashion,['Earth'],Generic,104.78,4.0,https://picsum.photos/seed/426/400/300
428,Kids OluKai Pehuea Maka Slip-Ons,Fashion,"['Cotton Candy/Clearwater', 'Spiced Coral/Flame Or",Generic,89.68,4.0,https://picsum.photos/seed/427/400/300
429,Kids OluKai Nalu Slides,Fashion,"['Fossil/Mustang', 'Midnight Navy/Lava Rock']",Generic,124.42,4.0,https://picsum.photos/seed/428/400/300
430,Kids Chaco Outcross 2 Shoes,Fashion,['Peach'],Generic,33.39,4.0,https://picsum.photos/seed/429/400/300
431,Kids Wicked Good Mocs,Fashion,"['Brown', 'Mariner Blue', 'Dusty Periwinkle']",Generic,114.53,4.0,https://picsum.photos/seed/430/400/300
432,"Mens Beans Comfort Fitness Walkers, Leather Mesh",Fashion,['White'],Generic,104.13,4.0,https://picsum.photos/seed/431/400/300
433,"Mens Sunwashed Canvas Sneakers, Slip-On",Fashion,"['Dark Cement', 'Mariner Blue']",Generic,138.5,4.0,https://picsum.photos/seed/432/400/300
434,"Mens Bean Boots by L.L.Bean®, 10 Tumbled-Leather Shearling-Lined",Fashion,['Maple/Brown'],Generic,23.39,4.0,https://picsum.photos/seed/433/400/300
435,"Mens Waterproof Keen Targhee III Hikers, Low",Fashion,['Black Olive/Golden Brown'],Generic,128.9,4.0,https://picsum.photos/seed/434/400/300
436,Mens Merrell Moab 2 Ventilated Trail Shoes,Fashion,['Walnut'],Generic,114.31,4.0,https://picsum.photos/seed/435/400/300
437,Kids Muck Rugged II Hunting Boots,Fashion,['Brown/Realtree Xtra'],Generic,115.34,4.0,https://picsum.photos/seed/436/400/300
438,"Mens Trail Model 4 Waterproof Hiking Shoes, Leather/Suede",Fashion,['Coffee Bean'],Generic,96.05,4.0,https://picsum.photos/seed/437/400/300
439,Mens Salomon X Ultra Low Gore-Tex Hikers,Fashion,"['Black/Magnet', 'Bungee Cord/Vintage Kaki']",Generic,114.34,4.0,https://picsum.photos/seed/438/400/300
440,"Mens Handsewn Slippers, Perforated Flannel-Lined",Fashion,['Graphite'],Generic,133.08,4.0,https://picsum.photos/seed/439/400/300
441,"Mens Kangaroo Upland Hunters Boots, Uninsulated",Fashion,['Brown'],Generic,92.49,4.0,https://picsum.photos/seed/440/400/300
442,Mens Rockport Margin Oxfords,Fashion,['Black'],Generic,54.92,4.0,https://picsum.photos/seed/441/400/300
444,"Mens Allagash Bison Handsewns, Chukka",Fashion,['Raisin'],Generic,20.04,4.0,https://picsum.photos/seed/443/400/300
445,"Mens L.L.Bean Boots, 8 Thinsulate",Fashion,"['Dark Ash/Dark Ash', 'Tan/Brown']",Generic,59.43,4.0,https://picsum.photos/seed/444/400/300
446,Mens New Balance 990v4 Running Shoes,Fashion,['Grey/Castlerock'],Generic,94.56,4.0,https://picsum.photos/seed/445/400/300
447,Mens Swift River Slide Sandals,Fashion,['Brown'],Generic,113.36,4.0,https://picsum.photos/seed/446/400/300
448,Mens Wicked Good Moc Boots II,Fashion,"['Brown', 'Chocolate Brown']",Generic,50.03,4.0,https://picsum.photos/seed/447/400/300
449,"Mens Small Batch L.L.Bean Boot, Flowfold 6",Fashion,"['Heather Gray/Black/Graphite', 'Olive/Bean Boot B",Generic,79.48,4.0,https://picsum.photos/seed/448/400/300
450,"Mens Allagash Penny Loafers, Leather/Nubuck",Fashion,['Bean Boot Brown'],Generic,30.08,4.0,https://picsum.photos/seed/449/400/300
451,Mens Merrell Moab 2 Waterproof Hiking Shoes,Fashion,['Bark Brown'],Generic,47.99,4.0,https://picsum.photos/seed/450/400/300
452,Mens Rockport Cabot Plain-Toe,Fashion,['Brown'],Generic,62.53,4.0,https://picsum.photos/seed/451/400/300
453,Mens Wicked Good Lodge Chukkas,Fashion,"['Brown', 'Chocolate Brown']",Generic,108.51,4.0,https://picsum.photos/seed/452/400/300
454,"Mens Katahdin Hiking Shoes, Suede Mesh",Fashion,"['Carbon Navy/Dark Silk', 'Dark Olive/Dark Cement'",Generic,149.85,4.0,https://picsum.photos/seed/453/400/300
455,"Mens Bison Double-Sole Slippers, Shearling-Lined",Fashion,['Raisin'],Generic,93.1,4.0,https://picsum.photos/seed/454/400/300
456,Mens New Balance 1165v1 Walking Shoes,Fashion,['Black/Silver'],Generic,149.63,4.0,https://picsum.photos/seed/455/400/300
457,Mens Sweater Fleece Scuffs,Fashion,"['Bright Navy', 'Gray Heather', 'Kelp Green']",Generic,120.13,4.0,https://picsum.photos/seed/456/400/300
458,"Mens New Balance® 577 Walking Shoes, Hook-and-Loop Closure",Fashion,"['Black', 'White']",Generic,128.83,4.0,https://picsum.photos/seed/457/400/300
459,"Mens New Balance 577 Walking Shoes, Lace-Up",Fashion,"['Black', 'White']",Generic,62.16,4.0,https://picsum.photos/seed/458/400/300
460,"Mens Leather Double-Sole Slippers, Shearling-Lined",Fashion,['Brown'],Generic,122.96,4.0,https://picsum.photos/seed/459/400/300
461,"Mens Bison Double-Sole Slippers, Leather-Lined",Fashion,['Raisin'],Generic,116.68,4.0,https://picsum.photos/seed/460/400/300
462,Mens North Peak Waterproof Trail Shoes,Fashion,['Classic Navy'],Generic,117.49,4.0,https://picsum.photos/seed/461/400/300
463,"Mens Bean Boots by L.L.Bean®, 8 Gore-Tex/Thinsulate",Fashion,['Tan/Brown'],Generic,46.16,4.0,https://picsum.photos/seed/462/400/300
464,"Mens Gore-Tex Cresta Hiking Boots, Leather/Fabric",Fashion,"['Dark Brown/Green', 'Saddle/Classic Navy']",Generic,34.82,4.0,https://picsum.photos/seed/463/400/300
465,Mens New Balance for L.L.Bean 990v4 Running Shoes,Fashion,['Caramel Cafe/Delicioso'],Generic,87.65,4.0,https://picsum.photos/seed/464/400/300
466,Mens Mountain Slippers,Fashion,['Bean Boot Brown'],Generic,148.97,4.0,https://picsum.photos/seed/465/400/300
467,Toddlers Teva Hurricane XLT 2 Sandals,Fashion,"['Gc100 Boomerang', 'Strawberries Pink']",Generic,86.89,4.0,https://picsum.photos/seed/466/400/300
468,Kids Waterproof Trail Model Hikers,Fashion,"['Black Cherry', 'Dark Loden', 'Twilight']",Generic,43.2,4.0,https://picsum.photos/seed/467/400/300
469,Kids Darn Tough Hiker Junior Socks,Fashion,"['Green', 'Pink']",Generic,140.57,4.0,https://picsum.photos/seed/468/400/300
470,"Kids Cotton Ragg Socks, Two-Pack Quarter-Crew",Fashion,"['Darkest Navy+Dusty Olive', 'Deep Wine+Gray']",Generic,96.33,4.0,https://picsum.photos/seed/469/400/300
471,"Kids Bogs Rain Boots, Clouds",Fashion,['Aqua Multi'],Generic,27.31,4.0,https://picsum.photos/seed/470/400/300
472,"Kids Bogs Rain Boots, Trigeo",Fashion,['Dark Blue Multi'],Generic,82.82,4.0,https://picsum.photos/seed/471/400/300
473,L.L.Bean Wellies Boot Print Kids,Fashion,['Cherry Tomato Stripe'],Generic,124.1,4.0,https://picsum.photos/seed/472/400/300
474,"Kids Wicked Good Slippers, Print",Fashion,['Feldspar Camo'],Generic,42.17,4.0,https://picsum.photos/seed/473/400/300
475,Toddlers Puddle Stompers Rain Boots,Fashion,"['Bright Yellow', 'Dark Royal Blue', 'Ruby Coral',",Generic,122.34,4.0,https://picsum.photos/seed/474/400/300
476,Kids Bogs Amanda Slip-On Boots,Fashion,['Black'],Generic,78.99,4.0,https://picsum.photos/seed/475/400/300
477,Kids Sun-and-Surf Slides,Fashion,"['Feldspar', 'Night', 'Teal Aqua']",Generic,147.96,4.0,https://picsum.photos/seed/476/400/300
478,Kids Darn Tough Katahdin Hiker Crew Socks,Fashion,['Eclipse Heather'],Generic,131.11,4.0,https://picsum.photos/seed/477/400/300
479,Kids OluKai Nohea Lole Slip-Ons,Fashion,['Clay/Trench Blue'],Generic,141.91,4.0,https://picsum.photos/seed/478/400/300
480,Kids No Fly Zone Lightweight Hiking Socks,Fashion,"['Berry', 'Blue']",Generic,93.32,4.0,https://picsum.photos/seed/479/400/300
481,Kids Teva Hurricane XLT 2 Sandals,Fashion,"['Delmar Purple', 'Gc100 Boomerang', 'Speck Sea Gl",Generic,132.43,4.0,https://picsum.photos/seed/480/400/300
482,Kids Puddle Stompers Rain Boots,Fashion,"['Bright Yellow', 'Dark Royal Blue', 'Ruby Coral']",Generic,88.14,4.0,https://picsum.photos/seed/481/400/300
483,Kids Bogs® Classic High Handles Boots,Fashion,['Black'],Generic,99.9,4.0,https://picsum.photos/seed/482/400/300
484,"Kids L.L.Bean Boots, Thinsulate",Fashion,['Tan/Brown'],Generic,99.98,4.0,https://picsum.photos/seed/483/400/300
485,Toddlers Wicked Good Slippers,Fashion,"['Brown', 'Mariner Blue']",Generic,115.05,4.0,https://picsum.photos/seed/484/400/300
486,"Kids Adventure Sneakers, Glow-in-the-Dark",Fashion,"['Alloy Gray', 'Deep Sapphire']",Generic,69.82,4.0,https://picsum.photos/seed/485/400/300
487,"Kids Trail Model Hiker, Low",Fashion,"['Gunmetal Gray', 'Shadow Green', 'Spruce', 'Twili",Generic,50.75,4.0,https://picsum.photos/seed/486/400/300
488,Kids Chaco Odyssey Junior Shoes,Fashion,"['Eclipse', 'Teal']",Generic,60.83,4.0,https://picsum.photos/seed/487/400/300
489,Mens Hoka One One Akasa Running Shoes,Fashion,['Black/Dark Shadow'],Generic,32.91,4.0,https://picsum.photos/seed/488/400/300
490,Mens OluKai Hamakua Chukka Boots,Fashion,['Dark Wood/Toffee'],Generic,22.56,4.0,https://picsum.photos/seed/489/400/300
491,Mens Hoka One One Challenger ATR 5 Trail Running Shoes,Fashion,['Blue Sapphire/Patriot Blue'],Generic,71.28,4.0,https://picsum.photos/seed/490/400/300
492,Kids Wicked Good Slippers,Fashion,"['Brown', 'Dusty Olive', 'Graphite']",Generic,136.19,4.0,https://picsum.photos/seed/491/400/300
493,"Mens East Point Casual Cap-Toe Boots, Waterproof",Fashion,['Coffee Bean'],Generic,29.27,4.0,https://picsum.photos/seed/492/400/300
494,"Cresta No Fly Zone Hiking Socks, Lightweight Two-Pack",Fashion,"['Bright Navy', 'Graystone']",Generic,109.37,4.0,https://picsum.photos/seed/493/400/300
495,Mens Teva Terra-Float Churn Water Shoes,Fashion,['Plaza Taupe'],Generic,83.05,4.0,https://picsum.photos/seed/494/400/300
496,Brooks Ghost 11 Run Shoe Mens,Fashion,['Grey/Blue'],Generic,66.26,4.0,https://picsum.photos/seed/495/400/300
497,Kids CoolMax Nano Glide Reflective Crew Socks,Fashion,"['Black', 'Electric Yellow']",Generic,95.66,4.0,https://picsum.photos/seed/496/400/300
498,"Mens L.L.Bean Boots, 10",Fashion,"['Brown/Brown', 'Tan/Brown']",Generic,78.65,4.0,https://picsum.photos/seed/497/400/300
499,Mens Oboz Bridger Hiking Shoes,Fashion,['Dark Shadow'],Generic,23.91,4.0,https://picsum.photos/seed/498/400/300
500,Mens Vasque Breeze Light Gore-Tex Hiking Shoes,Fashion,['Beluga/Tawny Olive'],Generic,92.24,4.0,https://picsum.photos/seed/499/400/300
501,Mens Keen Targhee II Waterproof Hiking Shoes,Fashion,['Cascade Brown/Golden Yellow'],Generic,27.72,4.0,https://picsum.photos/seed/500/400/300
502,Mens Oboz Tamarack Waterproof Hiking Shoes,Fashion,['Bungee'],Generic,83.8,4.0,https://picsum.photos/seed/501/400/300
503,Mens Signature Waxed Canvas Rubber Moc,Fashion,['Deep Forest/Brown'],Generic,43.77,4.0,https://picsum.photos/seed/502/400/300
504,"Mens L.L.Bean Boots, 10 Gore-Tex/Thinsulate",Fashion,['Dark Cocoa/Bean Boot Brown/Gum'],Generic,77.09,4.0,https://picsum.photos/seed/503/400/300
505,Blundstone 585 Chelsea Boots,Fashion,['Rustic Brown'],Generic,18.12,4.0,https://picsum.photos/seed/504/400/300
506,Mens Vasque Breeze 3.0 Gore-Tex Hiking Shoes,Fashion,['Magnet/Lizard'],Generic,105.93,4.0,https://picsum.photos/seed/505/400/300
507,Blundstone 500 Chelsea Boots,Fashion,"['Stout Brown', 'Voltan Black']",Generic,121.01,4.0,https://picsum.photos/seed/506/400/300
508,Mens Rockport RocSport Lite Five Slip-Ons,Fashion,['Brown'],Generic,83.55,4.0,https://picsum.photos/seed/507/400/300
509,"Mens Maine Hunting Shoes, 10 Gore-Tex/Thinsulate",Fashion,['Brown/Brown'],Generic,140.36,4.0,https://picsum.photos/seed/508/400/300
510,Mens Rockport RocSport Lite Five Lace-Up Shoes,Fashion,['Breen'],Generic,105.24,4.0,https://picsum.photos/seed/509/400/300
511,"Mens Arctic Sport Muck Boots, Mid-Cut",Fashion,['Black'],Generic,18.5,4.0,https://picsum.photos/seed/510/400/300
512,Mens Technical Kangaroo Upland Boots with Boa Closure,Fashion,['Brown'],Generic,143.93,4.0,https://picsum.photos/seed/511/400/300
513,"Cresta Hiking Socks, Midweight Two-Pack",Fashion,"['Bright Navy', 'Graystone', 'Hickory']",Generic,91.66,4.0,https://picsum.photos/seed/512/400/300
514,"Mens Snow Sneakers, Low Lace-Up",Fashion,"['Bean Boot Brown', 'Shale Gray']",Generic,128.17,4.0,https://picsum.photos/seed/513/400/300
515,"Mens New Balance 574 Walking Shoes, Patch",Fashion,"['Marblehead/Black', 'Mineral Green/Black']",Generic,55.41,4.0,https://picsum.photos/seed/514/400/300
516,Mens Salomon Outline Gore-Tex Hiking Boots,Fashion,['Black/Beluga'],Generic,41.05,4.0,https://picsum.photos/seed/515/400/300
